1,85_Peru_Chuncho_Dark_Chocolate01.jpg,1
1,85_Peru_Chuncho_Dark_Chocolate02.jpg,2
1,product_chocolate_peru_chuncho_dark_chocolate_85_02.png,3
1,product_chocolate_peru_chuncho_dark_chocolate_85_03.png,4
2,70_Peru_Chuncho_Dark_Chocolate01.jpg,1
2,70_Peru_Chuncho_Dark_Chocolate02.jpg,2
2,product_chocolate_peru_chuncho_dark_chocolate_70_02.png,3
2,product_chocolate_peru_chuncho_dark_chocolate_70_03.png,4
3,75_Exclusive_ORIGIN_No.1_Dark_Chocolate01.jpg,1
3,75_Exclusive_ORIGIN_No.1_Dark_Chocolate02.jpg,2
3,product_chocolate_exclusive_origin_no1_dark_chocolate_02.png,3
3,product_chocolate_exclusive_origin_no1_dark_chocolate_03.png,4
4,100_Peru_Chuncho_Dark_Chocolate01.jpg,1
4,100_Peru_Chuncho_Dark_Chocolate02.jpg,2
4,product_chocolate_peru_chuncho_dark_chocolate_100_01.png,3
5,85_Ecuador_Dark_Chocolate01.jpg,1
5,85_Ecuador_Dark_Chocolate02.jpg,2
5,product_chocolate_ecuador_dark_chocolate_85_01.png,3
6,70_Ecuador_Dark_Chocolate01.jpg,1
6,70_Ecuador_Dark_Chocolate02.jpg,2
6,product_chocolate_ecuador_dark_chocolate_70_02.jpg,3
6,product_chocolate_ecuador_dark_chocolate_03.jpg,4
7,70_Dominican_Dark_Chocolate01.jpg,1
7,70_Dominican_Dark_Chocolate02.jpg,2
7,product_chocolate_dominican_dark_chocolate_02.png,3
8,70_Kampot_Red_Peppercorns_Flavored_Chocolate01.jpg,1
8,70_Kampot_Red_Peppercorns_Flavored_Chocolate02.jpg,2
8,product_chocolate_kampot_red_peppercorns_flavored_chocolate_02.png,3
8,product_chocolate_kampot_red_peppercorns_flavored_chocolate_03.png,4
9,70_Taiwan_Ruby_Tea_Flavored_Chocolate01.jpg,1
9,70_Taiwan_Ruby_Tea_Flavored_Chocolate02.jpg,2
9,product_chocolate_taiwan_ruby_tea_flavored_chocolate_02.png,3
9,product_chocolate_taiwan_ruby_tea_flavored_chocolate_03.png,4
9,product_chocolate_taiwan_ruby_tea_flavored_chocolate_04.png,5
10,70_Taiwan_Honey_Flavored_Red_Oolong01.jpg,1
10,70_Taiwan_Honey_Flavored_Red_Oolong02.jpg,2
10,product_chocolate_taiwan_honey_flavored_red_oolong_flavored_chocolate_02.png,3
10,product_chocolate_taiwan_honey_flavored_red_oolong_flavored_chocolate_04.png,4
10,product_chocolate_taiwan_honey_flavored_red_oolong_flavored_chocolate_03.png,5
11,70_Fleur_de_sel_Flavored_Chocolate01.jpg,1
11,70_Fleur_de_sel_Flavored_Chocolate02.jpg,2
11,product_chocolate_fleur_de_sel_flavored_chocolate_02.png,3
11,product_chocolate_fleur_de_sel_flavored_chocolate_01.png,4
12,70_Taitung_Roselle_Flavored_Chocolate01.jpg,1
12,70_Taitung_Roselle_Flavored_Chocolate02.jpg,2
12,product_chocolate_taitung_roselle_flavored_chocolate_02.png,3
12,product_chocolate_taitung_roselle_flavored_chocolate_03.png,4
13,70_Light_Roasted_Coffee_Lavored_Chocolate01.jpg,1
13,70_Light_Roasted_Coffee_Lavored_Chocolate02.jpg,2
13,product_chocolate_light_roasted_coffee_flavored_chocolate_02.png,3
14,70_Deep_Roasted_Coffee_Flavored_Chocolate01.jpg,1
14,70_Deep_Roasted_Coffee_Flavored_Chocolate02.jpg,2
14,product_chocolate_giftbox_deep_roasted_coffee.png,3
14,product_chocolate_deep_roasted_coffee_flavored_chocolate_03.png,4
15,50_Peru_Chuncho_Milk_Chocolate01.jpg,1
15,50_Peru_Chuncho_Milk_Chocolate02.jpg,2
15,product_chocolate_peru_chuncho_milk_chocolate_01.png,3
15,product_chocolate_peru_chuncho_milk_chocolate_02.png,4
16,50_Taiwan_Longan_Honey_Flavored_Oolong01.jpg,1
16,50_Taiwan_Longan_Honey_Flavored_Oolong02.jpg,2
16,product_chocolate_taiwan_longan_honey_flavored_oolong_milk_chocolate_50_02.png,3
16,product_chocolate_taiwan_longan_honey_flavored_oolong_milk_chocolate_04.png,4
16,product_chocolate_taiwan_longan_honey_flavored_oolong_milk_chocolate_06.png,5
17,60_Ecuador_Milk_Chocolate01.jpg,1
17,60_Ecuador_Milk_Chocolate02.jpg,2
17,product_chocolate_ecuador_dark_chocolate_85_01.png,3
17,product_chocolate_ecuador_dark_chocolate_03.jpg,4
18,1698216040_da9a0f0c059b7651cf33.jpg,1
18,1698218611_4739c23a153fcb015f3f.jpg,2
19,1698139549_7ad796c132022d18ef4e.jpg,1
19,1672038476_91453e7098a5433cc48e.jpg,2
19,1672038476_18abfcdb2cf39ccfd499.jpg,3
20,1669617121_0960c0d157d675a79d2a.jpg,1
20,1698128312_d52150aebd1325d1f476.jpg,2
20,1675316090_8e27951942e5dfbadd06.jpg,3
21,1698139567_e9578ef06ba64870c4da.jpg,1
21,1669974459_d8690b0a1c99f9bbac42.jpg,2
21,1657779903_59bb0776d391fbd39cec.jpg,3
22,1657619596_908512177d45a7cfaba3.jpg,1
22,1657619596_305288aca900ad22d5e3.jpg,2
23,1657613585_673bdda59d11a7385de5.jpg,1
23,1657619466_534fd871c7e9498fb8b4.jpg,2
23,content_1e27dc5c-410e-4523-a72f-634914850f79.jpg,3
24,1657613575_a1ae2c0b305d201573f1.jpg,1
24,1657619388_947e4d5095d191eb3bb8.jpg,2
24,content_1e27dc5c-410e-4523-a72f-634914850f79.jpg,3
25,1657613261_27af5b8a43b683c7e4c2.jpg,1
25,1657619456_52a04b0187600f34b933.jpg,2
25,1657517278_729fae84bbce4995791e.jpg,3
25,content_1e27dc5c-410e-4523-a72f-634914850f79.jpg,4
26,1657681751_7aefa9ffa3fe00e16d6a.jpg,1
26,1657619411_c490e9d54c4bbc8a851b.jpg,2
26,1657510503_6f8cd4c7d9e73e3bc7f8.jpg,3
26,content_1e27dc5c-410e-4523-a72f-634914850f79.jpg,4
27,1699940734_3fc7b4fdcbe2d12f6668.jpg,1
27,1657613564_37f8fc5e1802b73d219a.jpg,2
27,content_aabef4c4-1072-45aa-8744-9c04c7b83f18.jpg,3
27,content_1e27dc5c-410e-4523-a72f-634914850f79.jpg,4
28,1699939726_2600f3a35adf66f3611b.jpg,1
28,1657613278_aeec5498231c5f0e96aa.jpg,2
28,1657619433_4e086e66c07118d367d0.jpg,3
28,content_1475a3b2-b2f6-4155-a044-057dc1558fa7.jpg,4
28,content_1e27dc5c-410e-4523-a72f-634914850f79.jpg,5
29,1657684228_e1fa5b597421d2bbfedf.jpg,1
29,content_5b84a516-2ede-4630-9c02-0d0e6704d6ad.jpg,2
30,1657684279_c7c939bfa084860e0f77.jpg,1
30,content_5b84a516-2ede-4630-9c02-0d0e6704d6ad.jpg,2
31,1657094343_4bb9ce0c94f053ac2f39.jpg,1
31,content_5b84a516-2ede-4630-9c02-0d0e6704d6ad.jpg,2
32,1657094357_0bb60f87df45f9238480.jpg,1
32,content_5b84a516-2ede-4630-9c02-0d0e6704d6ad.jpg,2
33,1705978361_0be5279b60146cdd7852.jpg,1
33,content_5b84a516-2ede-4630-9c02-0d0e6704d6ad.jpg,2
34,1711531886_27320679e2f19250f3bd.jpg,1
34,content_5b84a516-2ede-4630-9c02-0d0e6704d6ad.jpg,2
35,1672125128_c2ae55776d4921aa7a79.jpg,1
35,content_5b84a516-2ede-4630-9c02-0d0e6704d6ad.jpg,2
36,1657177389_0f200d945f3247dc9f03.jpg,1
36,content_5b84a516-2ede-4630-9c02-0d0e6704d6ad.jpg,2
37,1657177407_f845aa2f272a16298201.jpg,1
37,content_5b84a516-2ede-4630-9c02-0d0e6704d6ad.jpg,2
38,1658889594_a458d7b36afbf479dfd9.jpg,1
38,content_5b84a516-2ede-4630-9c02-0d0e6704d6ad.jpg,2
39,1688621112_c4bcb57cbc1df52d126a.jpg,1
39,content_5b84a516-2ede-4630-9c02-0d0e6704d6ad.jpg,2
40,1718334261_3a3a96ff38fec2b7e555.jpg,1
40,content_5b84a516-2ede-4630-9c02-0d0e6704d6ad.jpg,2
41,1721792821_e9073439faef71d07f9a.jpg,1
41,content_5b84a516-2ede-4630-9c02-0d0e6704d6ad.jpg,2
42,1711531846_5c0c5270b6d737048077.jpg,1
42,content_5b84a516-2ede-4630-9c02-0d0e6704d6ad.jpg,2
43,1721792800_94efa7d64599fe211354.jpg,1
43,content_5b84a516-2ede-4630-9c02-0d0e6704d6ad.jpg,2
44,1721792778_9700ea5b1623b4921a6c.jpg,1
44,content_5b84a516-2ede-4630-9c02-0d0e6704d6ad.jpg,2
45,1675670300_8847cf1af7707425cc40.jpg,1
45,content_5b84a516-2ede-4630-9c02-0d0e6704d6ad.jpg,2
46,1657094268_d292274a94fd82b5913f.jpg,1
46,content_5b84a516-2ede-4630-9c02-0d0e6704d6ad.jpg,2
47,1674116283_50ccc0dfc512b4b34621.jpg,1
47,content_9a489cf6-f453-406d-9be4-40064eb43f99.jpg,2
48,1657094256_3e6c7e19bc7f1cd872ec.jpg,1
48,content_9a489cf6-f453-406d-9be4-40064eb43f99.jpg,2
49,1657093829_8436a67d18bd2793e47b.jpg,1
49,content_9a489cf6-f453-406d-9be4-40064eb43f99.jpg,2
50,650e5b4758fde40017051631.jpg,1
50,650e76c81acf220014ffbe87.jpg,2
50,650e5b55bdbf510014cc06ef.jpg,3
51,650e76573b42650011bde6a7.jpg,1
51,650e7665da36b00017f9fce8.jpg,2
51,650e766126b745001d8dd983.jpg,3
52,650e7950409ac3000e876c71.jpg,1
52,650e795c79ddca0017b39a89.jpg,2
52,650e796010354a00149ac143.jpg,3
53,655f14dec4be51001dc59c45.jpg,1
53,655f14e61b37aa001100400d.jpg,2
53,655f14e25648c30017146ade.jpg,3
54,6278a8582b6197001b9431a5.jpg,1
54,6229c2c5f80fb5002f420c27.jpg,2
54,6229c2c528f5ea00323cb346.jpg,3
54,6229c2c559cebb00110cc684.jpg,4
55,6278a8464fe50c002db706b1.jpg,1
55,622a0ec11a97890032297f57.jpg,2
55,6229c2c528f5ea00323cb346.jpg,3
55,6229c2c559cebb00110cc684.jpg,4
56,6278a835d918380018cbab4f.jpg,1
56,622a0f3299ba500017b83517.jpg,2
56,6229c2c528f5ea00323cb346.jpg,3
56,6229c2c559cebb00110cc684.jpg,4
57,6278a824d53fa9001e812b9f.jpg,1
57,622a0f5173335582ca16488e.jpg,2
57,6229c2c528f5ea00323cb346.jpg,3
57,6229c2c559cebb00110cc684.jpg,4
58,62bbc2b4e1d716002aa56008.jpg,1
58,62bbc2b4c8f350002736a8da.jpg,2
58,62bbc2b4dc34430012ad0206.jpg,3
58,62bbc2b4e97784000f1f8936.jpg,4
59,619c8d3da2124d0023371a70.jpg,1
59,61ea67bc39e11300174c152b.jpg,2
60,619c8e39fdba773949364fbc.jpg,1
60,61ea6824a3916e002067c71a.jpg,2
61,619c8cd74c30cf00115de508.jpg,1
61,619c8cd12c8160003e364248.jpg,2
62,63104b3cb40dd40010d5e5e0.jpg,1
62,619c8d9e2c8160001736405a.jpg,2
63,619c87bd82d2f800263c2599.jpg,1
63,61ea6348fd1c9b0014e92e62.jpg,2
64,63104af3a862fa001003ce1f.jpg,1
64,61ea6a072af747002f29bfbb.jpg,2
65,619c8f305f439b0017e1bc07.jpg,1
65,619c8f3e6fe5e90021c209ee.jpg,2
66,619c8b5e1c62a9002f872df2.jpg,1
66,619c8b5312937900232ea550.jpg,2
67,619c89e98be1580014ca01b1.jpg,1
67,619c89f1129379001d2ea2c6.jpg,2
68,619c89858aded200236eac2a.jpg,1
68,619c897f229a172a8fbf3dcf.jpg,2
69,619c88553ba89b002fe48701.jpg,1
69,619c885e5ccb6600260b8940.jpg,2
70,619c863f5ccb6600170b86f1.jpg,1
70,619c8623fdba77003e366330.jpg,2
71,60226fc59ac7eb0011d79eb1.jpg,1
71,60226b3fa36da300119151af.jpg,2
71,5dac3603ff6f87002ca87e4d.jpg,3
71,64704e257ecea3001a03347c.jpg,4
72,60cc94484f385f0026a83a53.jpg,1
73,60cc947455f7c50023b996a5.jpg,1
73,5fe454829f4cc10032710003.jpg,2
74,64a46b8c43f97b0014561898.jpg,1
74,64a46bc743f97b0017562050.jpg,2
75,5d7f494b705c4b7dc11f8d36.jpg,1
75,5dac6f5b1de3b744bbce6b01.jpg,2
75,5dac6fbfac6b1a7320018cc6.jpg,3
75,5dac6fce1428350038f7907a.jpg,4
76,5d7f494b705c4b7dc11f8d36.jpg,1
76,5dac6f5b1de3b744bbce6b01.jpg,2
76,5dac6fbfac6b1a7320018cc6.jpg,3
76,5dac6fce1428350038f7907a.jpg,4
77,5d7f494b705c4b7dc11f8d36.jpg,1
77,5dac6f5b1de3b744bbce6b01.jpg,2
77,5dac6fbfac6b1a7320018cc6.jpg,3
77,5dac6fce1428350038f7907a.jpg,4
78,5d7f494b705c4b7dc11f8d36.jpg,1
78,5dac6f5b1de3b744bbce6b01.jpg,2
78,5dac6fbfac6b1a7320018cc6.jpg,3
78,5dac6fce1428350038f7907a.jpg,4
79,5efae7fee81f5c0033c83194.jpg,1
79,5da5ab804b5d9f0035caa71f.jpg,2
79,5c85ca23adfd90003bb49466.jpg,3
80,5e1442f3b0251500301b1c88.jpg,1
80,5c85ca23adfd90003bb49466.jpg,2
81,5da5b646303ca600297a35b1.jpg,1
81,5c85ca23adfd90003bb49466.jpg,2
82,5da5aec0abc98d001d0837f5.jpg,1
82,5efae90abee8350036d00bda.jpg,2
82,5efae91da8918c004b41b593.jpg,3
83,5ee0aae123ef736196f3c53d.jpg,1
83,5efae91da8918c004b41b593.jpg,2
83,5dac438d682e2c002c6cec49.jpg,3
84,5da5b734ca1b23003bacc4c8.jpg,1
84,5bb73c62d31748001844c11b.jpg,2
85,5efadfaaa522e4004b5922e6.jpg,1
85,5ee0a3be89d711004b6a6574.jpg,2
85,5da5b74fb641a40026b093ab.jpg,3
86,63805436e07ca4002297a813.jpg,1
86,638062f840203f002556ce20.jpg,2
86,638062f806d7a5002bf7915e.jpg,3
86,638062f8129646001ff83b19.jpg,4
87,61850d5b365caa00145b1222.jpg,1
87,6186804ea45b820017229d62.jpg,2
87,6186a26007be31002f689dfa.jpg,3
87,6186a26b06f87300178029e2.jpg,4
88,6113c40d98c790001d0984f0.jpg,1
88,6093af4e8e8251003bf9b25e.jpg,2
89,60a604554167cd00265d3187.jpg,1
89,60a6048e1df77900383e2e46.jpg,2
89,60a604b4f56634002c474f6f.jpg,3
89,6112240e0b27a3001a643140.jpg,4
89,60a60566fc9c2c003bb2847e.jpg,5
89,60a607adaf1d44001ac77925.jpg,6
90,611a0eaef5ed4d002f09c772.jpg,1
90,609fd617bab42b0023595d5e.jpg,2
90,611224f6e1031d001dc0f210.jpg,3
91,60ba19deaf56ac00144bf881.jpg,1
91,60ba1930d9296e0011506c18.jpg,2
92,611a0f342452090020b4decc.jpg,1
92,6093af66c1db4d00146de450.jpg,2
93,60ba22cba63e040011a36c6b.jpg,1
93,60ba269ad6a49d003538f687.jpg,2
94,60ba1db0fbece3002f6f1ff5.jpg,1
94,60ba1d514d851b002626c492.jpg,2
95,60c1b9b6b19870002ce78ee9.jpg,1
95,60ba267e69e83c003ff7d1bb.jpg,2
96,5da5aeeb7cb140001ad19516.jpg,1
97,60ba23d4cab3b0002cc72ade.jpg,1
97,5da5b6d5bf6c39001db5ede9.jpg,2
98,5ee0ca42780857004e779344.jpg,1
98,5da5ad9e8606ad001a540134.jpg,2
98,5efae91da8918c004b41b593.jpg,3
99,5ee0c70521dec40046629302.jpg,1
99,5da5ab31fc308c003b5e233d.jpg,2
99,5efae91da8918c004b41b593.jpg,3
100,5eedd6f1fdd0870045242664.jpg,1
100,5da5b7d1ca1b23003bacc4e3.jpg,2
100,5da5ab31fc308c003b5e233d.jpg,3
101,5da58597bbb220001771d957.jpg,1
101,5dac6b59c6ddc800327d2acb.jpg,2
102,5da5aeabbc5a44001d1eb730.jpg,1
102,5c85ca23adfd90003bb49466.jpg,2
103,5ee0b82a21dec40040628fdb.jpg,1
103,5cbe936247fbd10038a26bbf.jpg,2
103,5efae91da8918c004b41b593.jpg,3
104,60ba23f9f7f14400267e46f8.jpg,1
104,5da5b194671ecf002c40f191.jpg,2
104,5dac4610c6ddc8003e7d2cda.jpg,3
105,60ccabb8ff12090014738a21.jpg,1
105,5da5b69a0b6aa2002f05627f.jpg,2
106,6167d40f6efc1829c26479b0.jpg,1
106,5dac3f4e9bdf925bd4c24f44.jpg,2